{"cameraMode":{"drawMode":0,"name":"Shaded","section":"Shading Mode"},"sceneLighting":false,"audioPlay":false,"sceneViewState":{"m_AlwaysRefresh":false,"showFog":true,"showSkybox":false,"showFlares":true,"showImageEffects":true,"showParticleSystems":true,"showVisualEffectGraphs":true,"m_FxEnabled":true},"in2DMode":false,"pivot":{"x":9.226835250854493,"y":4.099999904632568,"z":-4.0265045166015629},"rotation":{"x":0.00020318437600508332,"y":0.9997973442077637,"z":-0.01499800942838192,"w":0.013812800869345665},"size":3.278719186782837,"orthographic":false}