{"cameraMode":{"drawMode":0,"name":"Shaded","section":"Shading Mode"},"sceneLighting":false,"audioPlay":false,"sceneViewState":{"m_AlwaysRefresh":false,"showFog":true,"showSkybox":false,"showFlares":true,"showImageEffects":true,"showParticleSystems":true,"showVisualEffectGraphs":true,"m_FxEnabled":true},"in2DMode":false,"pivot":{"x":10.066835403442383,"y":4.949999809265137,"z":-2.109504461288452},"rotation":{"x":-0.00012624691589735448,"y":0.9949667453765869,"z":-0.10033247619867325,"w":-0.0011780359782278538},"size":1.9330124855041505,"orthographic":false}