{"cameraMode":{"drawMode":0,"name":"Shaded","section":"Shading Mode"},"sceneLighting":false,"audioPlay":false,"sceneViewState":{"m_AlwaysRefresh":false,"showFog":true,"showSkybox":false,"showFlares":true,"showImageEffects":true,"showParticleSystems":true,"showVisualEffectGraphs":true,"m_FxEnabled":true},"in2DMode":false,"pivot":{"x":9.817113876342774,"y":-1.5231825113296509,"z":-26.343992233276368},"rotation":{"x":-0.00033250509295612574,"y":0.9933581352233887,"z":-0.11524648219347,"w":-0.0026652817614376547},"size":13.434438705444336,"orthographic":false}