{"cameraMode":{"drawMode":0,"name":"Shaded","section":"Shading Mode"},"sceneLighting":false,"audioPlay":false,"sceneViewState":{"m_AlwaysRefresh":false,"showFog":true,"showSkybox":false,"showFlares":true,"showImageEffects":true,"showParticleSystems":true,"showVisualEffectGraphs":true,"m_FxEnabled":true},"in2DMode":false,"pivot":{"x":-13.641642570495606,"y":-0.661224365234375,"z":-15.860567092895508},"rotation":{"x":0.010342756286263466,"y":0.9850080013275147,"z":-0.06362584233283997,"w":0.1607300490140915},"size":12.627038955688477,"orthographic":false}