{"cameraMode":{"drawMode":0,"name":"Shaded","section":"Shading Mode"},"sceneLighting":false,"audioPlay":false,"sceneViewState":{"m_AlwaysRefresh":false,"showFog":true,"showSkybox":false,"showFlares":true,"showImageEffects":true,"showParticleSystems":true,"showVisualEffectGraphs":true,"m_FxEnabled":true},"in2DMode":false,"pivot":{"x":-8.195530891418457,"y":4.769999980926514,"z":-20.70305061340332},"rotation":{"x":0.007032385095953941,"y":0.9197477698326111,"z":-0.016568759456276895,"w":0.39239034056663515},"size":0.522998034954071,"orthographic":false}