{"cameraMode":{"drawMode":0,"name":"Shaded","section":"Shading Mode"},"sceneLighting":false,"audioPlay":false,"sceneViewState":{"m_AlwaysRefresh":false,"showFog":true,"showSkybox":false,"showFlares":true,"showImageEffects":true,"showParticleSystems":true,"showVisualEffectGraphs":true,"m_FxEnabled":true},"in2DMode":false,"pivot":{"x":520.8839111328125,"y":143.4425506591797,"z":496.59552001953127},"rotation":{"x":0.025867294520139695,"y":-0.9482638835906982,"z":0.08013913035392761,"w":0.3061540424823761},"size":2.3577377796173097,"orthographic":false}