{"cameraMode":{"drawMode":0,"name":"Shaded","section":"Shading Mode"},"sceneLighting":true,"audioPlay":false,"sceneViewState":{"m_AlwaysRefresh":false,"showFog":true,"showSkybox":true,"showFlares":true,"showImageEffects":true,"showParticleSystems":true,"showVisualEffectGraphs":true,"m_FxEnabled":true},"in2DMode":false,"pivot":{"x":21.769649505615236,"y":2.663851737976074,"z":-4.864137172698975},"rotation":{"x":-0.006650832947343588,"y":0.9932852387428284,"z":0.07582630217075348,"w":0.08725275099277497},"size":0.8660253882408142,"orthographic":false}