{"cameraMode":{"drawMode":0,"name":"Shaded","section":"Shading Mode"},"sceneLighting":true,"audioPlay":false,"sceneViewState":{"m_AlwaysRefresh":false,"showFog":true,"showSkybox":true,"showFlares":true,"showImageEffects":true,"showParticleSystems":true,"showVisualEffectGraphs":true,"m_FxEnabled":true},"in2DMode":false,"pivot":{"x":21.968441009521486,"y":5.337959289550781,"z":4.137446880340576},"rotation":{"x":-0.001109460019506514,"y":-0.9983305931091309,"z":0.05427206680178642,"w":-0.020363980904221536},"size":0.6804417371749878,"orthographic":false}