{"cameraMode":{"drawMode":0,"name":"Shaded","section":"Shading Mode"},"sceneLighting":true,"audioPlay":false,"sceneViewState":{"m_AlwaysRefresh":false,"showFog":true,"showSkybox":true,"showFlares":true,"showImageEffects":true,"showParticleSystems":true,"showVisualEffectGraphs":true,"m_FxEnabled":true},"in2DMode":false,"pivot":{"x":-44.766021728515628,"y":-7.53305196762085,"z":-12.415529251098633},"rotation":{"x":0.009889579378068447,"y":-0.9833125472068787,"z":0.17285481095314027,"w":0.05638616532087326},"size":34.704261779785159,"orthographic":false}