{"cameraMode":{"drawMode":0,"name":"Shaded","section":"Shading Mode"},"sceneLighting":true,"audioPlay":false,"sceneViewState":{"m_AlwaysRefresh":false,"showFog":true,"showSkybox":true,"showFlares":true,"showImageEffects":true,"showParticleSystems":true,"showVisualEffectGraphs":true,"m_FxEnabled":true},"in2DMode":false,"pivot":{"x":-1.887015700340271,"y":2.344874143600464,"z":-2.5217864513397219},"rotation":{"x":0.18705284595489503,"y":0.09266308695077896,"z":-0.01771431230008602,"w":0.9778258800506592},"size":1.2247449159622193,"orthographic":false}