{"cameraMode":{"drawMode":0,"name":"Shaded","section":"Shading Mode"},"sceneLighting":false,"audioPlay":false,"sceneViewState":{"m_AlwaysRefresh":false,"showFog":true,"showSkybox":false,"showFlares":true,"showImageEffects":true,"showParticleSystems":true,"showVisualEffectGraphs":true,"m_FxEnabled":true},"in2DMode":false,"pivot":{"x":-2.683823347091675,"y":1.4521528482437134,"z":2.7200098037719728},"rotation":{"x":-0.03599316254258156,"y":-0.010445263236761094,"z":0.0003724488487932831,"w":-0.9994192123413086},"size":3.837909460067749,"orthographic":false}