{"cameraMode":{"drawMode":0,"name":"Shaded","section":"Shading Mode"},"sceneLighting":false,"audioPlay":false,"sceneViewState":{"m_AlwaysRefresh":false,"showFog":true,"showSkybox":false,"showFlares":true,"showImageEffects":true,"showParticleSystems":true,"showVisualEffectGraphs":true,"m_FxEnabled":true},"in2DMode":false,"pivot":{"x":-8.576000213623047,"y":2.7240002155303957,"z":13.121000289916993},"rotation":{"x":-0.0008668987429700792,"y":0.9983529448509216,"z":-0.055775731801986697,"w":-0.015860237181186677},"size":0.6442393660545349,"orthographic":false}