{"cameraMode":{"drawMode":0,"name":"Shaded","section":"Shading Mode"},"sceneLighting":false,"audioPlay":false,"sceneViewState":{"m_AlwaysRefresh":false,"showFog":true,"showSkybox":false,"showFlares":true,"showImageEffects":true,"showParticleSystems":true,"showVisualEffectGraphs":true,"m_FxEnabled":true},"in2DMode":false,"pivot":{"x":66.60612487792969,"y":-57.761226654052737,"z":-1.6319371461868287},"rotation":{"x":0.16842472553253175,"y":0.7605518102645874,"z":-0.21792663633823396,"w":0.5881631374359131},"size":59.641483306884769,"orthographic":false}