{"cameraMode":{"drawMode":0,"name":"Shaded","section":"Shading Mode"},"sceneLighting":true,"audioPlay":false,"sceneViewState":{"m_AlwaysRefresh":false,"showFog":true,"showSkybox":false,"showFlares":true,"showImageEffects":true,"showParticleSystems":true,"showVisualEffectGraphs":true,"m_FxEnabled":true},"in2DMode":false,"pivot":{"x":-3.9749999046325685,"y":1.5720000267028809,"z":-2.168600082397461},"rotation":{"x":-0.0066444664262235168,"y":0.99324631690979,"z":-0.07013262063264847,"w":-0.09320484101772309},"size":2.4248712062835695,"orthographic":false}