{"cameraMode":{"drawMode":0,"name":"Shaded","section":"Shading Mode"},"sceneLighting":false,"audioPlay":false,"sceneViewState":{"m_AlwaysRefresh":false,"showFog":true,"showSkybox":false,"showFlares":true,"showImageEffects":true,"showParticleSystems":true,"showVisualEffectGraphs":true,"m_FxEnabled":true},"in2DMode":false,"pivot":{"x":-34.506500244140628,"y":4.489999771118164,"z":-0.2740936279296875},"rotation":{"x":0.09260441362857819,"y":0.7205284833908081,"z":-0.09809356927871704,"w":0.6802014112472534},"size":0.8660253882408142,"orthographic":false}